Id,Pawpularity
4128bae22183829d2b5fea10effdb0c3,[-0.026837673038244247]
43a2262d7738e3d420d453815151079e,[-0.04966997727751732]
4e429cead1848a298432a0acad014c9d,[-0.03091125749051571]
80bc3ccafcc51b66303c2c263aa38486,[-0.030155491083860397]
8f49844c382931444e68dffbe20228f4,[-0.03884260356426239]
b03f7041962238a7c9d6537e22f9b017,[-0.04782909154891968]
c978013571258ed6d4637f6e8cc9d6a3,[-0.0563952662050724]
e0de453c1bffc20c22b072b34b54e50f,[-0.044737473130226135]
