Id,Pawpularity
4128bae22183829d2b5fea10effdb0c3,35.00821304321289
43a2262d7738e3d420d453815151079e,35.02395248413086
4e429cead1848a298432a0acad014c9d,35.11857223510742
80bc3ccafcc51b66303c2c263aa38486,35.16865158081055
8f49844c382931444e68dffbe20228f4,35.190006256103516
b03f7041962238a7c9d6537e22f9b017,35.21546936035156
c978013571258ed6d4637f6e8cc9d6a3,35.004661560058594
e0de453c1bffc20c22b072b34b54e50f,34.88490676879883
