Id,Pawpularity
4128bae22183829d2b5fea10effdb0c3,41.35654067993164
43a2262d7738e3d420d453815151079e,41.43781661987305
4e429cead1848a298432a0acad014c9d,41.40127182006836
80bc3ccafcc51b66303c2c263aa38486,41.459964752197266
8f49844c382931444e68dffbe20228f4,41.50478744506836
b03f7041962238a7c9d6537e22f9b017,41.427371978759766
c978013571258ed6d4637f6e8cc9d6a3,41.409576416015625
e0de453c1bffc20c22b072b34b54e50f,41.47496032714844
